attackerID,attackerNAME,location,N
3614172,Dark_Euphoria,Head,4
2531272,Llyfr,Heart,348
1624592,HoongZai,Groin,24
2531272,Llyfr,Head,2767
1624592,HoongZai,Head,105
2966467,Ben_Hagen,Groin,30
584064,BrotherPigeon,Head,85
1525609,RefleX_,Head,312
2281408,dromedan,Head,203
2493924,KindaEpicMoah,Head,788
2526867,BeerMojo,Groin,203
2966467,Ben_Hagen,Head,150
3192937,Stradi,Head,114
2966467,Ben_Hagen,Heart,26
2450557,cookdandbombd,Heart,153
2966467,Ben_Hagen,Throat,19
584064,BrotherPigeon,Throat,14
2637927,Brocolli,Groin,98
2450557,cookdandbombd,Head,1210
2281408,dromedan,Groin,53
2637927,Brocolli,Head,349
1676337,Pakliuvom,Head,930
39773,Juggernaut,Head,904
39773,Juggernaut,Groin,268
2493924,KindaEpicMoah,Heart,107
2450557,cookdandbombd,Groin,261
2526867,BeerMojo,Throat,118
2526867,BeerMojo,Head,850
2493924,KindaEpicMoah,Throat,103
1676337,Pakliuvom,Throat,120
1676337,Pakliuvom,Heart,117
1525609,RefleX_,Groin,53
2077507,WalkingTarget,Groin,5
2077507,WalkingTarget,Head,14
318855,Skeletron,Head,560
2281408,dromedan,Throat,24
39773,Juggernaut,Throat,120
2077507,WalkingTarget,Heart,1
3192937,Stradi,Groin,40
584064,BrotherPigeon,Groin,12
2531272,Llyfr,Throat,300
2526867,BeerMojo,Heart,102
2531272,Llyfr,Groin,292
2281408,dromedan,Heart,30
302832,Duk4,Throat,187
3616331,Avarigl,Head,1
2530350,gabbar_dude,Heart,19
1676337,Pakliuvom,Groin,320
157639,MoHiCaN,Head,1232
2530350,gabbar_dude,Head,92
302832,Duk4,Head,1375
157639,MoHiCaN,Groin,327
318855,Skeletron,Groin,101
2530350,gabbar_dude,Groin,21
157639,MoHiCaN,Heart,171
2530350,gabbar_dude,Throat,20
318855,Skeletron,Heart,78
3616331,Avarigl,Groin,2
318855,Skeletron,Throat,58
302832,Duk4,Groin,230
2816038,Arianna,Head,704
2751434,Hemicrania,Groin,2
2384632,Doge5935,Head,483
2751434,Hemicrania,Head,2
1369172,Gangster,Groin,2
1369172,Gangster,Head,1
157639,MoHiCaN,Throat,164
2384632,Doge5935,Groin,125
2493924,KindaEpicMoah,Groin,97
3238530,Bealeb,Heart,3
2637146,Ajui,Head,358
2637146,Ajui,Throat,34
2811251,Maks,Groin,222
2725089,Aggroth,Head,2
2637146,Ajui,Groin,87
2811251,Maks,Head,984
3314839,Arelius,Head,25
3238530,Bealeb,Head,4
3238530,Bealeb,Groin,2
2199414,x5STARx,Head,10
2384632,Doge5935,Heart,66
1921241,bVfKsDlEp,Head,684
2816038,Arianna,Groin,184
2125774,Invert,Head,124
2816038,Arianna,Throat,99
39773,Juggernaut,Heart,101
1921241,bVfKsDlEp,Throat,103
1921241,bVfKsDlEp,Groin,41
3555347,Whack-A-Kala,Groin,6
2733604,Bad-R,Head,43
2733604,Bad-R,Heart,9
2125774,Invert,Throat,16
2816038,Arianna,Heart,114
3314839,Arelius,Groin,3
2733604,Bad-R,Groin,8
2384632,Doge5935,Throat,51
2125774,Invert,Groin,17
2780600,Hemicopter,Head,132
3016744,MohamedGifted,Groin,135
2621818,UniqueDream,Heart,85
2610928,Hawkiedokie,Heart,39
895688,Wicka,Groin,172
2706250,Warriorofevil,Head,49
2621818,UniqueDream,Head,610
865186,GenBlood,Head,469
422812,Anton,Head,174
2811251,Maks,Heart,95
2610928,Hawkiedokie,Head,285
865186,GenBlood,Groin,131
2408039,kontamusse,Head,202
2715175,bryan88,Heart,31
2997473,Whack-A-King,Heart,2
3016744,MohamedGifted,Head,380
2621818,UniqueDream,Groin,135
209247,Beenie,Groin,21
2997473,Whack-A-King,Throat,1
2780600,Hemicopter,Groin,32
2997473,Whack-A-King,Head,3
2621818,UniqueDream,Throat,83
2610928,Hawkiedokie,Groin,56
895688,Wicka,Heart,104
2715175,bryan88,Groin,76
895688,Wicka,Head,794
2408039,kontamusse,Groin,50
2715175,bryan88,Head,203
3016744,MohamedGifted,Heart,49
2591127,Rukozhopus,Heart,42
2125774,Invert,Heart,21
2211145,TheUnholyKnight,Throat,59
2661810,Jeffyboy_jeff,Head,81
2211145,TheUnholyKnight,Head,463
2470308,CorneliusIII,Head,160
2736720,SirStabbyStabby,Head,78
2706250,Warriorofevil,Throat,6
2591127,Rukozhopus,Head,318
2661810,Jeffyboy_jeff,Heart,14
2591127,Rukozhopus,Groin,75
2211145,TheUnholyKnight,Groin,106
2637927,Brocolli,Heart,39
422812,Anton,Groin,34
2591127,Rukozhopus,Throat,36
2610928,Hawkiedokie,Throat,26
209247,Beenie,Head,106
2997473,Whack-A-King,Groin,6
2880793,Zauriel,Head,659
865186,GenBlood,Heart,63
2880793,Zauriel,Groin,179
3638700,Accord_,Head,48
2470308,CorneliusIII,Groin,37
2706250,Warriorofevil,Groin,15
2470308,CorneliusIII,Heart,22
2748515,gmanldj,Throat,3
2822924,RustyWindmill,Head,40
2408039,kontamusse,Heart,22
2748515,gmanldj,Head,5
209247,Beenie,Throat,17
2685512,Kaneki,Head,181
2685512,Kaneki,Groin,43
2685512,Kaneki,Throat,17
2822924,RustyWindmill,Throat,6
2661810,Jeffyboy_jeff,Groin,36
2780600,Hemicopter,Heart,24
2685512,Kaneki,Heart,22
3603796,Merdone,Groin,10
3760489,Alhearie,Head,1
3760489,Alhearie,Heart,2
2748515,gmanldj,Heart,1
3603796,Merdone,Head,7
2706250,Warriorofevil,Heart,4
2715175,bryan88,Throat,24
2811251,Maks,Throat,137
792035,Ashanie,Throat,104
2811898,MissMeg,Head,1183
2028618,SilversRayliegh,Head,38
2336292,Cartel,Head,210
1586328,Billy,Head,76
177232,Malibu_Mara,Head,148
2331704,Potoo,Groin,4
2028618,SilversRayliegh,Heart,5
2699719,DOT,Head,34
2885543,Rebel25NZ,Groin,11
3128897,HangingLow,Head,30
2544817,Zappa-,Head,151
2820733,Sorain,Head,32
2885543,Rebel25NZ,Head,32
2699719,DOT,Groin,10
792035,Ashanie,Head,874
2637146,Ajui,Heart,59
2811898,MissMeg,Heart,149
2331704,Potoo,Head,20
3549976,FukinHero,Groin,20
2544817,Zappa-,Groin,38
792035,Ashanie,Groin,154
2544817,Zappa-,Throat,20
3549976,FukinHero,Head,43
2331704,Potoo,Heart,2
2336292,Cartel,Heart,40
2699719,DOT,Throat,7
3632836,Hamstadance,Head,23
2880793,Zauriel,Throat,89
2544817,Zappa-,Heart,13
2028618,SilversRayliegh,Groin,6
3292000,ANTI-CLASH,Throat,12
177232,Malibu_Mara,Groin,37
3128897,HangingLow,Groin,6
2811898,MissMeg,Throat,172
3267899,ChasingDreams,Groin,19
3292000,ANTI-CLASH,Head,84
3267899,ChasingDreams,Heart,10
2028618,SilversRayliegh,Throat,7
621313,AACookieAA,Head,107
621313,AACookieAA,Throat,12
177232,Malibu_Mara,Heart,19
3632836,Hamstadance,Groin,11
2931007,Snorkachu,Head,218
3267899,ChasingDreams,Head,82
2931007,Snorkachu,Heart,24
621313,AACookieAA,Groin,35
2029519,JDWV,Head,5
177232,Malibu_Mara,Throat,14
2408039,kontamusse,Throat,20
3128897,HangingLow,Throat,2
2813208,BrotherB,Groin,7
302832,Duk4,Heart,199
3128897,HangingLow,Heart,2
2931007,Snorkachu,Throat,19
2813208,BrotherB,Head,24
3320076,Airwalker2662,Head,127
2820733,Sorain,Heart,7
2336292,Cartel,Groin,61
2880793,Zauriel,Heart,92
2029519,JDWV,Groin,2
2811898,MissMeg,Groin,163
2317515,Dr_Toboggan,Head,15
2317515,Dr_Toboggan,Groin,4
2317515,Dr_Toboggan,Heart,3
3320076,Airwalker2662,Throat,19
3638700,Accord_,Groin,19
1586328,Billy,Throat,12
3632836,Hamstadance,Throat,3
1586328,Billy,Groin,15
3292000,ANTI-CLASH,Groin,20
2331704,Potoo,Throat,2
3292000,ANTI-CLASH,Heart,8
3355475,soupv54,Head,13
3355475,soupv54,Groin,9
3582325,InvalidDavid,Throat,1
585087,ziuta,Head,127
585087,ziuta,Groin,37
2500373,el_Mirtho,Heart,4
2234860,TwentyFour,Head,38
2470308,CorneliusIII,Throat,16
585087,ziuta,Throat,20
2500373,el_Mirtho,Head,19
422812,Anton,Heart,23
2500373,el_Mirtho,Groin,7
1921241,bVfKsDlEp,Heart,85
2234860,TwentyFour,Throat,4
2450557,cookdandbombd,Throat,141
3713418,Bandit_Keith88,Head,12
2927381,HipsterGandalf,Head,30
3565957,Azezel,Head,11
2541678,POTHEAD,Heart,18
1027599,UberMorlock,Head,13
1027599,UberMorlock,Groin,2
2541678,POTHEAD,Head,100
2880895,tinybliccy,Head,20
2880895,tinybliccy,Groin,3
3544412,Rioriel,Heart,4
3565957,Azezel,Throat,2
621313,AACookieAA,Heart,21
3544412,Rioriel,Head,33
2191529,vengeance_torn,Heart,12
3565957,Azezel,Groin,2
3544412,Rioriel,Throat,5
2927381,HipsterGandalf,Throat,1
2234860,TwentyFour,Groin,3
3544412,Rioriel,Groin,13
2191529,vengeance_torn,Throat,12
2191529,vengeance_torn,Head,104
3713418,Bandit_Keith88,Heart,1
3355475,soupv54,Throat,2
3464087,ANoNxSqUAD,Head,2
3177289,LoganAtwater,Head,25
2541678,POTHEAD,Groin,23
2637154,GinoMontero,Head,22
2152295,Ashley2511,Head,86
2840889,Rodjys,Head,2
2191529,vengeance_torn,Groin,18
2637154,GinoMontero,Heart,4
3307840,BrotherMarcus,Head,6
2500373,el_Mirtho,Throat,2
585087,ziuta,Heart,20
3307840,BrotherMarcus,Heart,1
3549976,FukinHero,Heart,3
895688,Wicka,Throat,104
2152295,Ashley2511,Heart,13
2152295,Ashley2511,Throat,5
2880895,tinybliccy,Throat,6
2152295,Ashley2511,Groin,19
3192937,Stradi,Throat,19
3623374,Pholder,Head,16
3623374,Pholder,Groin,7
3622766,Rafeel,Throat,1
3008038,Celeste,Head,175
2498959,CODPlayer123,Groin,61
2413505,zukoji,Head,21
3008038,Celeste,Groin,64
2679949,bRiAn-dAmAgE,Head,15
2498959,CODPlayer123,Head,154
2679949,bRiAn-dAmAgE,Groin,5
2745378,Conannguyen,Head,146
2228876,FuzzyRight1,Head,125
2110707,siCk,Groin,2
2780600,Hemicopter,Throat,11
2110707,siCk,Throat,3
2110707,siCk,Head,5
2745378,Conannguyen,Groin,27
2545245,VisX,Groin,11
3016744,MohamedGifted,Throat,52
2545245,VisX,Head,75
2966361,HumpyD,Groin,4
3582555,Rainking1987,Head,3
3487587,Tom--,Heart,1
3731130,Gengar13,Groin,2
673073,DaddyTym,Head,16
2071072,KingShmexy,Groin,140
2545245,VisX,Throat,6
2966361,HumpyD,Heart,2
2659622,By-Tor,Throat,3
3487587,Tom--,Head,1
3487587,Tom--,Groin,1
2659622,By-Tor,Head,22
2228876,FuzzyRight1,Groin,21
3507017,MMiK,Head,9
3487587,Tom--,Throat,1
2966361,HumpyD,Head,3
2071072,KingShmexy,Head,707
792035,Ashanie,Heart,104
3507017,MMiK,Heart,1
2745378,Conannguyen,Heart,16
673073,DaddyTym,Groin,4
2659622,By-Tor,Groin,6
2679949,bRiAn-dAmAgE,Throat,4
2637927,Brocolli,Throat,54
3507017,MMiK,Throat,1
2071072,KingShmexy,Throat,90
3507017,MMiK,Groin,1
3684998,L337Sauce,Heart,1
1375654,Hot-Monkey,Head,31
1941416,BLACKDRAGON258,Head,54
3684998,L337Sauce,Groin,2
1375654,Hot-Monkey,Heart,7
2228876,FuzzyRight1,Throat,17
2413505,zukoji,Groin,2
2228876,FuzzyRight1,Heart,9
2071072,KingShmexy,Heart,79
1941416,BLACKDRAGON258,Throat,4
1375654,Hot-Monkey,Groin,3
3466359,RocketdogZA,Head,43
2576871,Temoque,Head,188
3466359,RocketdogZA,Groin,14
2653823,Barry_Dylan,Groin,49
3224714,limmy2006,Head,228
2578485,Leonnnnn,Head,138
3224714,limmy2006,Throat,26
3370416,PandaShadow,Groin,2
3605067,KaitBait,Groin,4
2653823,Barry_Dylan,Head,198
2679543,ChallyBear,Head,62
3605067,KaitBait,Head,3
3370416,PandaShadow,Head,8
2653823,Barry_Dylan,Heart,24
3224714,limmy2006,Heart,32
2578485,Leonnnnn,Heart,13
2106093,Alpacamybags,Head,53
2106093,Alpacamybags,Groin,11
2736720,SirStabbyStabby,Groin,28
2578485,Leonnnnn,Throat,17
2106093,Alpacamybags,Throat,5
2653823,Barry_Dylan,Throat,33
3623374,Pholder,Throat,2
3267899,ChasingDreams,Throat,9
2106093,Alpacamybags,Heart,7
2679543,ChallyBear,Throat,9
2679543,ChallyBear,Heart,7
2578485,Leonnnnn,Groin,23
2576871,Temoque,Groin,43
3370416,PandaShadow,Throat,3
610407,FAFOPDQ,Head,40
3135704,TartanSpartan,Throat,24
2344599,GeneralKev,Groin,6
3135704,TartanSpartan,Head,190
3347008,Jay1313,Groin,8
2344599,GeneralKev,Head,20
2679543,ChallyBear,Groin,13
3347008,Jay1313,Head,15
93922,Padokill,Head,3
93922,Padokill,Groin,2
3224714,limmy2006,Groin,49
3347008,Jay1313,Heart,1
3370416,PandaShadow,Heart,1
93922,Padokill,Throat,2
2112641,Lazerpent,Head,413
2112641,Lazerpent,Throat,44
2517401,NormanBeats,Head,17
865186,GenBlood,Throat,53
2517401,NormanBeats,Groin,3
2112641,Lazerpent,Groin,63
2517401,NormanBeats,Throat,2
2517401,NormanBeats,Heart,3
888237,AlexeaNikkole,Head,146
2749598,Uncensored,Head,38
888237,AlexeaNikkole,Groin,26
888237,AlexeaNikkole,Heart,13
2214797,Onyx,Throat,3
3253085,Nahtanos,Throat,4
2236969,Coconut,Head,40
3658956,NAH_BRO,Head,5
3253085,Nahtanos,Head,11
3253085,Nahtanos,Groin,4
2214797,Onyx,Groin,3
3524803,MikeRay,Groin,32
888237,AlexeaNikkole,Throat,11
2125322,daprinceomar,Groin,64
2214797,Onyx,Head,19
2868362,PurpleFire,Head,52
2214797,Onyx,Heart,3
1916655,PickledTink,Throat,8
2125322,daprinceomar,Head,192
2111896,stabby,Head,12
2236969,Coconut,Groin,8
2931007,Snorkachu,Groin,42
1916655,PickledTink,Head,78
2868362,PurpleFire,Groin,5
2236969,Coconut,Throat,3
2111896,stabby,Heart,2
3524803,MikeRay,Head,47
2236969,Coconut,Heart,6
2927381,HipsterGandalf,Heart,5
2637154,GinoMontero,Groin,3
1916655,PickledTink,Heart,11
2125322,daprinceomar,Heart,16
2763691,Discoball,Head,80
860546,Ferrik,Head,158
1916655,PickledTink,Groin,20
3135704,TartanSpartan,Heart,30
2927381,HipsterGandalf,Groin,12
860546,Ferrik,Groin,43
3524803,MikeRay,Throat,7
3524803,MikeRay,Heart,7
2736720,SirStabbyStabby,Heart,9
3135704,TartanSpartan,Groin,41
3200984,PurpleFrogger,Throat,2
1879131,Eldrazi_Emrakul,Heart,10
1624592,HoongZai,Throat,9
1879131,Eldrazi_Emrakul,Groin,16
3200984,PurpleFrogger,Groin,6
3200984,PurpleFrogger,Head,18
3255376,Arthevariel,Head,10
2745378,Conannguyen,Throat,13
1624592,HoongZai,Heart,18
1879131,Eldrazi_Emrakul,Head,60
3255376,Arthevariel,Heart,2
2515801,Elifez,Head,121
3255376,Arthevariel,Groin,3
3200984,PurpleFrogger,Heart,3
2515801,Elifez,Groin,26
2731303,BAER357,Groin,80
2731303,BAER357,Head,317
2731303,BAER357,Throat,49
1033363,muszelious,Head,14
2605129,DaigleTheBagel,Head,95
2108641,Rauhbautz,Head,18
1033363,muszelious,Groin,6
2605129,DaigleTheBagel,Groin,29
1033363,muszelious,Heart,2
2108641,Rauhbautz,Groin,6
2893907,Just-A-Fox,Head,1
2108641,Rauhbautz,Throat,2
3347008,Jay1313,Throat,3
2731303,BAER357,Heart,40
2515801,Elifez,Heart,15
2541678,POTHEAD,Throat,12
3336460,QuackQuackYu,Head,3
2741547,Captaindustyc,Head,11
2334174,CharmRiver,Groin,6
2741547,Captaindustyc,Groin,5
2334174,CharmRiver,Head,21
2334174,CharmRiver,Throat,7
3337617,PrimMinister,Head,43
2245352,booby,Groin,3
2741547,Captaindustyc,Throat,3
2245352,booby,Throat,3
3449153,gpops,Head,323
3337617,PrimMinister,Groin,17
2245352,booby,Heart,1
2596583,Dai,Groin,9
2885543,Rebel25NZ,Heart,2
2596583,Dai,Heart,8
2334174,CharmRiver,Heart,3
3336460,QuackQuackYu,Heart,2
3337617,PrimMinister,Throat,6
445588,pestilence101,Head,231
445588,pestilence101,Heart,35
445588,pestilence101,Groin,63
3336460,QuackQuackYu,Groin,1
3192937,Stradi,Heart,13
3449153,gpops,Groin,95
3449153,gpops,Throat,54
1453867,BabyKnight,Groin,24
1453867,BabyKnight,Head,67
1896863,BlackWidow,Head,150
2636589,BigManBilly,Head,3
1453867,BabyKnight,Throat,14
3008038,Celeste,Throat,14
1556799,Psydereyes,Head,18
3260947,Karnc,Groin,1
1556799,Psydereyes,Throat,2
3260947,Karnc,Head,9
3008038,Celeste,Heart,17
1896863,BlackWidow,Groin,41
1896863,BlackWidow,Throat,18
3583331,IamMacGyVer,Head,15
3583331,IamMacGyVer,Groin,8
1896863,BlackWidow,Heart,18
2163275,BaronVonMarlon,Head,3
2176661,Ashaline,Head,21
2822924,RustyWindmill,Heart,5
2112641,Lazerpent,Heart,54
860546,Ferrik,Heart,15
2822924,RustyWindmill,Groin,6
2176661,Ashaline,Heart,1
1453867,BabyKnight,Heart,4
2576871,Temoque,Heart,22
860546,Ferrik,Throat,24
1556799,Psydereyes,Heart,1
119434,Clifford,Head,50
2576871,Temoque,Throat,18
1977683,ThtAstronautGuy,Head,15
3411403,Dumpcake,Groin,1
2883334,Ziggy_Goodsbane,Groin,5
3411403,Dumpcake,Heart,4
3731883,Catalyst410,Groin,2
1977683,ThtAstronautGuy,Groin,3
2883334,Ziggy_Goodsbane,Throat,2
3411403,Dumpcake,Head,9
2883334,Ziggy_Goodsbane,Head,10
2735219,ScrappyD00,Head,10
209247,Beenie,Heart,7
2735219,ScrappyD00,Heart,4
1977683,ThtAstronautGuy,Heart,1
1525609,RefleX_,Heart,41
2336292,Cartel,Throat,23
2735219,ScrappyD00,Groin,1
2637154,GinoMontero,Throat,1
2905581,Newhope336699,Groin,7
2905581,Newhope336699,Throat,4
3023174,Serj,Head,1
3731883,Catalyst410,Throat,1
3618162,MELO,Groin,8
3715267,JethroTool,Head,104
141605,Bish,Head,36
2125322,daprinceomar,Throat,25
141605,Bish,Groin,5
141605,Bish,Heart,10
141605,Bish,Throat,5
2696321,Kai-el,Head,10
2842902,Roskatha,Head,16
2842902,Roskatha,Heart,2
2613566,Fragzz,Groin,6
422812,Anton,Throat,21
2613566,Fragzz,Head,24
3399685,NootNooot,Head,3
2613566,Fragzz,Heart,8
3128068,MrKisdUrSistr,Head,46
2315461,Anarchist_Beans,Groin,9
2736720,SirStabbyStabby,Throat,6
3447147,Koflachs,Head,31
2471870,Roadoilers,Head,3
2315461,Anarchist_Beans,Head,14
3399685,NootNooot,Groin,1
2315461,Anarchist_Beans,Heart,3
3687499,Cattypack,Throat,1
3656741,Dalts,Head,4
3687499,Cattypack,Groin,4
3128068,MrKisdUrSistr,Groin,24
2596583,Dai,Head,31
3410726,Wildflowers,Head,5
2940260,MagosTaita,Groin,3
3128068,MrKisdUrSistr,Throat,10
2940260,MagosTaita,Head,9
2940260,MagosTaita,Throat,1
2197235,Ostaf,Head,1
3033022,BrotherScotty,Head,55
2618603,Paintchipz,Head,15
3033022,BrotherScotty,Groin,13
3097913,Quackor,Head,31
3097913,Quackor,Groin,13
2618603,Paintchipz,Groin,6
2877227,Xorbi,Heart,2
3128068,MrKisdUrSistr,Heart,8
2877227,Xorbi,Head,7
2877227,Xorbi,Groin,4
2618603,Paintchipz,Throat,1
1912257,Bon_Scott,Head,5
2584558,simber,Groin,5
2515801,Elifez,Throat,14
2584558,simber,Throat,4
2584558,simber,Head,10
1912257,Bon_Scott,Groin,1
584064,BrotherPigeon,Heart,5
2749598,Uncensored,Heart,5
2763691,Discoball,Groin,15
2101134,MeadowEU,Throat,1
2101134,MeadowEU,Head,23
1075060,BiuBiu,Head,1
2524397,Mansquatch,Head,1
3583331,IamMacGyVer,Throat,3
445588,pestilence101,Throat,33
3583331,IamMacGyVer,Heart,3
3622172,AskUsCo,Head,27
3466359,RocketdogZA,Throat,5
2905581,Newhope336699,Head,5
2749598,Uncensored,Groin,7
2749598,Uncensored,Throat,6
2344599,GeneralKev,Throat,5
2964328,jude2303,Groin,6
2369056,kozi,Groin,19
174660,MaLaB,Head,79
2964328,jude2303,Head,8
2101134,MeadowEU,Heart,2
2101134,MeadowEU,Groin,3
1586328,Billy,Heart,5
2369056,kozi,Heart,7
2964328,jude2303,Throat,2
174660,MaLaB,Heart,8
2369056,kozi,Head,62
2211145,TheUnholyKnight,Heart,37
3355620,Nitecrawl3r,Head,19
1912106,irysh,Head,70
3452107,Solomission,Head,13
1912106,irysh,Throat,5
3355620,Nitecrawl3r,Heart,5
3452107,Solomission,Groin,3
1630778,ldub,Heart,1
2438366,Rasselbock,Throat,29
2438366,Rasselbock,Head,139
1912106,irysh,Heart,6
1912106,irysh,Groin,15
2438366,Rasselbock,Heart,19
1630778,ldub,Head,8
1630778,ldub,Groin,1
2199414,x5STARx,Groin,1
2242874,themastermaker,Head,14
3713418,Bandit_Keith88,Groin,1
2242874,themastermaker,Groin,3
2242874,themastermaker,Heart,1
3535814,Riverman1,Head,1
3530041,Rawrcass,Head,2
3713418,Bandit_Keith88,Throat,1
2315461,Anarchist_Beans,Throat,2
1874371,-Kevin-,Head,13
2693291,Boxxman,Head,58
1874371,-Kevin-,Throat,1
1874371,-Kevin-,Heart,2
3713429,palinzar,Head,4
3713429,palinzar,Groin,1
3449153,gpops,Heart,32
2693291,Boxxman,Throat,10
2168140,YouKnowWhoo,Head,16
3359721,J_Mayweather,Groin,1
2168140,YouKnowWhoo,Groin,4
3359721,J_Mayweather,Heart,1
2168140,YouKnowWhoo,Heart,2
2693291,Boxxman,Groin,10
3715267,JethroTool,Groin,34
2659622,By-Tor,Heart,2
3033022,BrotherScotty,Throat,7
3588663,Krimian,Throat,2
2168140,YouKnowWhoo,Throat,1
3588663,Krimian,Head,7
3256307,Trizquei,Head,106
2584558,simber,Heart,2
2541549,AviArcer,Head,106
2541549,AviArcer,Groin,26
2569218,-Rob,Groin,10
2569218,-Rob,Head,30
3256307,Trizquei,Groin,32
2569218,-Rob,Throat,8
174660,MaLaB,Groin,22
2327336,kelfi,Head,91
2541549,AviArcer,Throat,14
2541549,AviArcer,Heart,17
2327336,kelfi,Heart,14
1352782,Fervent,Throat,2
1352782,Fervent,Head,5
174660,MaLaB,Throat,8
2327336,kelfi,Groin,14
2927678,7-eleven,Head,9
3455318,Tahmores,Head,7
1864943,Pleg,Groin,4
3588663,Krimian,Groin,2
1864943,Pleg,Head,24
3639834,Habilis,Head,21
3455318,Tahmores,Throat,2
3455318,Tahmores,Groin,2
1525609,RefleX_,Throat,32
1864943,Pleg,Throat,4
1556799,Psydereyes,Groin,3
3281445,DarkAsh,Head,46
2850338,Slateprism,Head,4
2644590,Cassa,Throat,1
2644590,Cassa,Groin,2
3679937,ChainsawX,Head,4
2644590,Cassa,Head,2
2850338,Slateprism,Throat,1
2644590,Cassa,Heart,1
3281445,DarkAsh,Heart,8
2927678,7-eleven,Groin,1
3355620,Nitecrawl3r,Throat,2
3679937,ChainsawX,Groin,3
2659562,sss99,Head,60
3602490,Vukedlak,Groin,1
3602490,Vukedlak,Head,1
2659562,sss99,Groin,21
1630778,ldub,Throat,1
3602490,Vukedlak,Throat,1
3281445,DarkAsh,Groin,16
3495040,Nitro4588,Throat,1
3495040,Nitro4588,Heart,1
3582596,LBY,Groin,4
3582596,LBY,Head,5
3495040,Nitro4588,Groin,3
3495040,Nitro4588,Head,6
1941416,BLACKDRAGON258,Groin,16
3256307,Trizquei,Throat,10
3782445,Artisan,Groin,3
3638700,Accord_,Heart,6
3702158,KAVnepof,Groin,1
3702158,KAVnepof,Head,4
1941416,BLACKDRAGON258,Heart,8
3320076,Airwalker2662,Heart,21
2830326,8choBanGGs,Groin,3
2830326,8choBanGGs,Head,9
3320076,Airwalker2662,Groin,37
3582596,LBY,Heart,1
3582596,LBY,Throat,1
3679937,ChainsawX,Heart,1
3715267,JethroTool,Heart,10
2924630,Hesper,Head,90
3715267,JethroTool,Throat,12
3472610,SkarabRevenge,Head,1
2498959,CODPlayer123,Heart,17
2924630,Hesper,Groin,20
2924630,Hesper,Throat,6
3782445,Artisan,Head,5
2498959,CODPlayer123,Throat,17
3441586,Oniknight,Head,8
3702158,KAVnepof,Throat,1
2659562,sss99,Throat,9
2759415,Metalmilitia314,Head,117
2759415,Metalmilitia314,Throat,13
2659562,sss99,Heart,7
2759415,Metalmilitia314,Heart,13
2820733,Sorain,Groin,3
2820733,Sorain,Throat,1
2369056,kozi,Throat,7
2116826,Kirche,Head,5
1027599,UberMorlock,Throat,1
2905581,Newhope336699,Heart,2
2116826,Kirche,Groin,2
610407,FAFOPDQ,Groin,4
3415802,XxEETDxX,Throat,3
2816179,BlackWaterV,Throat,39
2816179,BlackWaterV,Groin,88
3240812,Ikkakujuu,Head,8
3240812,Ikkakujuu,Groin,3
2816179,BlackWaterV,Head,294
610407,FAFOPDQ,Heart,4
610407,FAFOPDQ,Throat,2
3639834,Habilis,Heart,2
3415802,XxEETDxX,Groin,2
3415802,XxEETDxX,Head,3
3638700,Accord_,Throat,8
2817588,Curran,Head,14
3116838,croxbr,Groin,1
2817588,Curran,Throat,1
3116838,croxbr,Head,6
3605545,Albertanewfie,Groin,4
3605545,Albertanewfie,Head,10
3415802,XxEETDxX,Heart,1
3452107,Solomission,Heart,2
2605129,DaigleTheBagel,Heart,10
3269819,Chachisnorter,Head,11
3201874,Maus,Head,9
3633137,BrotherRice,Head,60
3201874,Maus,Groin,2
3424559,Yooku,Head,1
2661512,Papa_Chode,Head,6
3424559,Yooku,Groin,1
2661512,Papa_Chode,Groin,3
3269819,Chachisnorter,Throat,2
3513260,xxEli,Head,36
2799939,The_Virginian,Head,18
3513260,xxEli,Groin,9
2661512,Papa_Chode,Heart,1
3633137,BrotherRice,Heart,3
3269819,Chachisnorter,Groin,2
3201874,Maus,Throat,1
2661512,Papa_Chode,Throat,1
3472029,BusinessFish,Head,8
1483137,Einzelganger,Throat,1
1483137,Einzelganger,Head,18
3549976,FukinHero,Throat,1
2090974,Hamid448,Head,9
2090974,Hamid448,Groin,2
1921241,BvFKsDLep,Heart,20
1921241,BvFKsDLep,Throat,24
1921241,BvFKsDLep,Head,164
2090974,Hamid448,Heart,1
1921241,BvFKsDLep,Groin,19
2818432,Chudat,Groin,7
2818432,Chudat,Head,13
2842902,Roskatha,Throat,2
2090974,Hamid448,Throat,2
3456534,Valkyrq,Head,2
3456534,Valkyrq,Throat,2
872364,Hassan,Head,3
3705630,Hages,Head,3
2484086,Ambc666,Head,50
3369777,Vivr0,Head,33
2484086,Ambc666,Groin,9
2460991,seintz,Groin,3
3705630,Hages,Groin,1
2549859,Defectus,Head,30
3614607,Dunkypoo,Groin,80
2460991,seintz,Head,19
3369777,Vivr0,Heart,4
487146,Alter_Ego,Throat,16
3614607,Dunkypoo,Head,175
2460991,seintz,Heart,1
487146,Alter_Ego,Head,131
3614607,Dunkypoo,Throat,29
3369777,Vivr0,Throat,7
2460991,seintz,Throat,1
3690418,GGTheTorn,Head,1
2868362,PurpleFire,Throat,9
3622172,AskUsCo,Groin,10
3369777,Vivr0,Groin,10
487146,Alter_Ego,Heart,13
2484086,Ambc666,Heart,5
2484086,Ambc666,Throat,3
3614607,Dunkypoo,Heart,37
2569218,-Rob,Heart,2
3452621,Vixith,Head,100
2816179,BlackWaterV,Heart,31
3452621,Vixith,Heart,11
2732726,BFA-Radical,Throat,1
3639834,Habilis,Throat,2
2732726,BFA-Radical,Head,1
2732726,BFA-Radical,Groin,1
3452621,Vixith,Groin,29
537454,Kloss,Throat,6
537454,Kloss,Heart,10
2385204,N9ne_,Groin,60
537454,Kloss,Head,11
2385204,N9ne_,Head,237
2385204,N9ne_,Throat,31
2065939,Wiber,Heart,5
2065939,Wiber,Head,26
537454,Kloss,Groin,4
2065939,Wiber,Throat,4
3162670,Bo_Diddly,Head,6
3162670,Bo_Diddly,Heart,1
3162670,Bo_Diddly,Throat,1
2504162,PeaKTorQue,Throat,4
2504162,PeaKTorQue,Head,8
2504162,PeaKTorQue,Heart,2
3486326,Absinian,Head,5
3703683,Ghostie87,Groin,6
3633137,BrotherRice,Groin,20
2327336,kelfi,Throat,8
2504162,PeaKTorQue,Groin,3
3486326,Absinian,Groin,2
2188020,Joshi,Groin,13
2188020,Joshi,Head,32
2818432,Chudat,Heart,1
2702757,Eaglefighter,Head,171
2791430,GrigoryArmWrest,Heart,6
2791430,GrigoryArmWrest,Throat,9
487146,Alter_Ego,Groin,38
2791430,GrigoryArmWrest,Head,55
2702757,Eaglefighter,Heart,10
2662549,StarDawg,Groin,2
2560761,Rudy_Helsing,Groin,5
144430,meeper_creeper,Head,3
1468764,Heasleys4hemp,Heart,2
2560761,Rudy_Helsing,Head,18
2791430,GrigoryArmWrest,Groin,8
1468764,Heasleys4hemp,Head,13
1468764,Heasleys4hemp,Throat,3
2796797,kalladah,Groin,1
2662549,StarDawg,Head,6
2662549,StarDawg,Throat,1
2702757,Eaglefighter,Groin,46
2796797,kalladah,Head,3
2560761,Rudy_Helsing,Heart,5
2971952,Roarhaven,Head,34
2567682,VI0LENTpacifist,Head,6
3490262,L4Luc1f3r,Head,4
2796797,kalladah,Throat,1
2971952,Roarhaven,Throat,9
2567682,VI0LENTpacifist,Groin,1
2018693,lolc4n,Head,4
2018693,lolc4n,Groin,3
3430681,sinnerman,Head,4
2018693,lolc4n,Heart,1
3430681,sinnerman,Groin,2
2958211,Angry_mum,Groin,2
2018693,lolc4n,Throat,1
3378512,zazou007,Head,35
2958211,Angry_mum,Throat,1
1963511,Serpentes_Sys,Head,3
2305392,Nick96373,Head,56
2305392,Nick96373,Groin,12
1963511,Serpentes_Sys,Groin,1
3569298,The_Aussie,Head,3
1933277,GH0STY,Head,8
1933277,GH0STY,Throat,1
886138,Rockwizard,Groin,1
3055124,MidNightBadger,Head,7
2759415,Metalmilitia314,Groin,29
2385204,N9ne_,Heart,22
2662549,StarDawg,Heart,1
886138,Rockwizard,Head,5
1933277,GH0STY,Groin,1
2318975,Irving_Zisman,Head,53
2980531,Klopps,Head,1
2980531,Klopps,Groin,2
119434,Clifford,Heart,7
2748100,Ernichiwa,Head,9
2748100,Ernichiwa,Groin,3
3606841,Threxen,Head,3
886138,Rockwizard,Heart,1
2763691,Discoball,Throat,6
3569298,The_Aussie,Heart,1
3569298,The_Aussie,Groin,1
3606841,Threxen,Groin,1
1872470,Sache,Heart,4
1921241,bvfksdlep,Head,727
1921241,bvfksdlep,Throat,90
1872470,Sache,Head,9
3698524,Stupac420,Head,25
3488006,tornnorelation,Head,7
2182241,Gab,Head,1
3501777,RaindGu,Head,15
1921241,bvfksdlep,Heart,89
3501777,RaindGu,Groin,3
2819595,ColdLand,Head,6
2182241,Gab,Groin,1
2182241,Gab,Heart,1
1375654,Hot-Monkey,Throat,4
1921241,bvfksdlep,Groin,62
3501777,RaindGu,Heart,2
2819595,ColdLand,Throat,1
3441740,Xarvia,Head,7
3441740,Xarvia,Groin,4
2522950,Tedworth,Head,9
2522950,Tedworth,Heart,2
3639834,Habilis,Groin,5
2796193,toshko2,Head,29
3253694,IslingtonAngel,Head,6
2796193,toshko2,Groin,3
3253694,IslingtonAngel,Groin,5
3452621,Vixith,Throat,12
904398,Sara_Snuggles,Head,9
2613566,Fragzz,Throat,3
3447147,Koflachs,Throat,8
2675763,OptimusGrimeDC,Heart,5
3256307,Trizquei,Heart,9
2675763,OptimusGrimeDC,Head,24
2796193,toshko2,Throat,3
3447147,Koflachs,Groin,6
2675763,OptimusGrimeDC,Throat,4
3760489,Alhearie,Groin,1
3378512,zazou007,Groin,16
2047548,MrChapsticks,Head,10
2962405,Terasink,Groin,3
2047548,MrChapsticks,Groin,2
2962405,Terasink,Head,4
2822967,Razereus,Head,4
104708,Tarren,Head,42
104708,Tarren,Groin,16
2962405,Terasink,Throat,1
3698524,Stupac420,Heart,1
104708,Tarren,Heart,13
119434,Clifford,Throat,5
3629756,OceanStar,Head,7
3285695,XeroLimit,Head,3
3629756,OceanStar,Groin,4
3698524,Stupac420,Groin,11
3285695,XeroLimit,Throat,1
1483137,Einzelganger,Heart,1
3354782,xentac,Head,6
3354782,xentac,Heart,3
1889480,You,Head,5
3354782,xentac,Groin,1
1889480,You,Heart,1
1184330,Rixer,Throat,2
2668560,begaydocrimes,Heart,2
1184330,Rixer,Head,8
2924630,Hesper,Heart,8
2668560,begaydocrimes,Head,11
1184330,Rixer,Groin,1
2668560,begaydocrimes,Groin,1
2636703,Bluemojo,Groin,10
2636703,Bluemojo,Head,28
2636703,Bluemojo,Throat,9
2705361,Revilo,Heart,1
2668560,begaydocrimes,Throat,1
2705361,Revilo,Head,2
2438366,Rasselbock,Groin,17
3427882,ValkTheGreat,Throat,2
3427882,ValkTheGreat,Groin,5
3697081,Ashpwnall,Head,13
3427882,ValkTheGreat,Head,10
729387,TvA_Elite,Groin,5
1762864,Lewri,Head,35
1762864,Lewri,Heart,4
2545245,VisX,Heart,4
3670830,Info-Broker,Head,2
3378512,zazou007,Throat,4
3670830,Info-Broker,Heart,1
2662912,0xHemlock,Groin,3
2662912,0xHemlock,Head,12
2662912,0xHemlock,Throat,5
3697081,Ashpwnall,Throat,2
2662912,0xHemlock,Heart,5
2563870,Ruan,Groin,6
2563870,Ruan,Head,10
3427882,ValkTheGreat,Heart,2
2813208,BrotherB,Heart,6
2560761,Rudy_Helsing,Throat,3
904398,Sara_Snuggles,Heart,2
904398,Sara_Snuggles,Groin,2
3513260,xxEli,Heart,3
904398,Sara_Snuggles,Throat,1
3697081,Ashpwnall,Groin,8
3513260,xxEli,Throat,6
3488006,tornnorelation,Groin,2
2201418,ThaWh1teSki7tle,Head,44
2201418,ThaWh1teSki7tle,Heart,7
2077507,WalkingTarget,Throat,1
3372604,Jinkoha,Throat,5
3372604,Jinkoha,Head,10
2201418,ThaWh1teSki7tle,Groin,15
2425843,Mad_Ninja,Groin,5
2425843,Mad_Ninja,Head,15
1872470,Sache,Groin,2
3372604,Jinkoha,Heart,2
3372604,Jinkoha,Groin,3
2693291,Boxxman,Heart,5
2636297,-StarDemon-,Head,13
2636297,-StarDemon-,Heart,1
2472221,Gamerbadazz,Groin,9
2636297,-StarDemon-,Throat,2
3697081,Ashpwnall,Heart,1
2472221,Gamerbadazz,Head,14
2799746,Mybrainhrtz,Head,1
2971952,Roarhaven,Groin,10
2971952,Roarhaven,Heart,3
2636297,-StarDemon-,Groin,5
2472221,Gamerbadazz,Heart,1
2699719,DOT,Heart,2
2567682,VI0LENTpacifist,Heart,1
2472221,Gamerbadazz,Throat,1
2531848,Skein,Head,14
3029152,Rick-Grimes,Head,13
1762864,Lewri,Groin,9
3029152,Rick-Grimes,Groin,2
2147267,montyyiiu,Throat,2
2739173,xTARTANx,Head,11
2531848,Skein,Groin,3
2147267,montyyiiu,Head,16
2305392,Nick96373,Heart,10
2531848,Skein,Throat,1
3029152,Rick-Grimes,Heart,1
2147267,montyyiiu,Groin,6
3377441,saraKronos,Head,3
3389224,BROOKS112,Head,2
3377441,saraKronos,Groin,1
3618162,MELO,Throat,5
3618162,MELO,Head,19
1762864,Lewri,Throat,5
2739173,xTARTANx,Throat,2
2739173,xTARTANx,Heart,1
3029152,Rick-Grimes,Throat,2
2147267,montyyiiu,Heart,1
1300458,Wong,Head,3
3259881,TonguePunch,Head,14
2826991,Zhorak,Throat,1
3259881,TonguePunch,Groin,1
3059808,Thebreach,Head,8
2826991,Zhorak,Head,3
2421315,KKFrankie,Groin,7
2518801,keter,Head,26
2518801,keter,Throat,3
3530041,Rawrcass,Throat,1
2826991,Zhorak,Heart,1
2826991,Zhorak,Groin,1
2421315,KKFrankie,Head,22
2421315,KKFrankie,Throat,4
2655270,Dangerzone_k,Head,5
3259881,TonguePunch,Throat,2
3223720,VirgoQueeen,Head,4
2655270,Dangerzone_k,Throat,3
2655270,Dangerzone_k,Groin,1
3059808,Thebreach,Heart,2
3059808,Thebreach,Groin,4
2518801,keter,Groin,6
2880895,tinybliccy,Heart,2
2605129,DaigleTheBagel,Throat,21
3575420,Alan879,Head,2
1300458,Wong,Groin,2
3633137,BrotherRice,Throat,7
1300458,Wong,Throat,1
3575420,Alan879,Groin,1
2518801,keter,Heart,6
2830326,8choBanGGs,Throat,1
3314930,HalfWiit,Head,4
2430598,DedeSiregar,Throat,1
2430598,DedeSiregar,Head,1
3314930,HalfWiit,Groin,2
1710003,Escaladar,Groin,1
2733604,Bad-R,Throat,2
3281445,DarkAsh,Throat,5
2702757,Eaglefighter,Throat,18
3658956,NAH_BRO,Throat,1
3177289,LoganAtwater,Heart,4
3177289,LoganAtwater,Groin,4
2763691,Discoball,Heart,11
3182046,Krypteian,Head,2
3182046,Krypteian,Groin,2
3260649,Nachos_Wife,Head,7
2973833,generl_bean,Groin,5
3278579,EigenGrau,Head,10
2661810,Jeffyboy_jeff,Throat,11
2973833,generl_bean,Head,12
3538454,Galactica135,Head,12
1285682,J-C,Head,6
3547860,Zuccinator,Head,9
1285682,J-C,Throat,2
3547860,Zuccinator,Groin,6
3638613,TrygdeLadd,Head,1
3638613,TrygdeLadd,Groin,1
3697478,Jrock177,Groin,1
3697478,Jrock177,Head,2
3378512,zazou007,Heart,1
1285682,J-C,Groin,1
3278579,EigenGrau,Throat,1
3278579,EigenGrau,Groin,3
3278579,EigenGrau,Heart,2
2187675,Emerix,Head,4
2459216,Zimomo,Throat,1
3389497,BrotherOther,Head,24
2459216,Zimomo,Groin,4
2459216,Zimomo,Head,6
3389497,BrotherOther,Groin,4
2416884,Tichari,Throat,2
2741547,Captaindustyc,Heart,2
2416884,Tichari,Head,13
131289,MIA,Throat,1
131289,MIA,Groin,2
2421315,KKFrankie,Heart,1
3538454,Galactica135,Groin,3
131289,MIA,Head,1
2785162,Whack-A-Heat,Groin,15
2785162,Whack-A-Heat,Head,43
2785162,Whack-A-Heat,Throat,7
2738919,Marcusta,Head,8
2738919,Marcusta,Throat,1
2549859,Defectus,Heart,1
2738919,Marcusta,Groin,3
2416884,Tichari,Groin,5
2549859,Defectus,Throat,1
2416884,Tichari,Heart,2
3472029,BusinessFish,Groin,4
2305392,Nick96373,Throat,6
2785162,Whack-A-Heat,Heart,4
1036235,SuperDuperPoor,Head,2
1036235,SuperDuperPoor,Heart,2
2885804,MrAnon,Head,2
901641,Spikeman,Throat,8
3241320,Caporale,Head,2
104708,Tarren,Throat,4
901641,Spikeman,Head,46
3355620,Nitecrawl3r,Groin,3
901641,Spikeman,Groin,9
3241320,Caporale,Throat,1
3241320,Caporale,Groin,1
1879131,Eldrazi_Emrakul,Throat,5
2536658,Blatzern,Head,3
3389497,BrotherOther,Throat,2
2536658,Blatzern,Heart,1
3328226,Titan3,Groin,5
3097913,Quackor,Throat,6
3328226,Titan3,Head,6
3328226,Titan3,Heart,1
2239443,Dongerondo,Head,2
2239443,Dongerondo,Groin,2
3613810,L0chnessM0nster,Groin,7
3613810,L0chnessM0nster,Head,15
2239443,Dongerondo,Heart,1
3613810,L0chnessM0nster,Throat,4
2088623,Tornking,Head,3
3097913,Quackor,Heart,2
2065939,Wiber,Groin,2
2188020,Joshi,Heart,5
3542098,Jinstarro,Throat,1
3542098,Jinstarro,Head,2
3542098,Jinstarro,Heart,2
3542098,Jinstarro,Groin,2
2608340,merkdan,Head,73
3422968,Alvin002,Head,14
2608340,merkdan,Throat,17
3422968,Alvin002,Throat,2
3389497,BrotherOther,Heart,1
3422968,Alvin002,Groin,3
3422968,Alvin002,Heart,1
344411,Subversion,Head,41
344411,Subversion,Groin,5
3613810,L0chnessM0nster,Heart,3
344411,Subversion,Heart,7
3730937,Moyra,Groin,1
3212903,Jlamb,Head,4
3730937,Moyra,Head,2
2882495,Ichaerus,Throat,1
2882495,Ichaerus,Head,2
3730937,Moyra,Throat,1
3212903,Jlamb,Groin,1
2519083,Eddycon,Head,25
2549859,Defectus,Groin,1
2519083,Eddycon,Throat,8
2519083,Eddycon,Groin,8
2621711,Jadedc,Head,37
2621711,Jadedc,Groin,4
344411,Subversion,Throat,2
3034011,Heart,Head,3
477315,Bugsy-Bunny,Groin,3
2519083,Eddycon,Heart,2
477315,Bugsy-Bunny,Head,14
3055124,MidNightBadger,Heart,2
2321365,gally,Head,17
177232,Mara,Head,127
2790199,Roland410,Head,5
177232,Mara,Heart,15
177232,Mara,Groin,22
3055124,MidNightBadger,Groin,4
2535800,RoJoN,Head,19
2321365,gally,Throat,3
119434,Clifford,Groin,2
2321365,gally,Heart,1
3623374,Pholder,Heart,3
177232,Mara,Throat,9
2493371,kingboo,Throat,1
2493371,kingboo,Groin,3
2535800,RoJoN,Throat,5
2535800,RoJoN,Heart,5
2535800,RoJoN,Groin,2
2493371,kingboo,Head,3
2321365,gally,Groin,3
2790199,Roland410,Heart,1
3698524,Stupac420,Throat,1
2493371,kingboo,Heart,1
3663181,SAndP500,Head,1
2621711,Jadedc,Throat,7
477315,Bugsy-Bunny,Heart,3
1000524,xRun,Heart,3
1000524,xRun,Head,16
1000524,xRun,Throat,3
1429005,NN_,Head,1
1195734,Friends,Heart,1
1429005,NN_,Heart,1
671797,SexxySweety,Throat,15
3422162,SleepingMemory,Head,3
3422162,SleepingMemory,Groin,1
671797,SexxySweety,Heart,16
477315,Bugsy-Bunny,Throat,1
2199414,x5STARx,Heart,2
2608340,merkdan,Heart,8
671797,SexxySweety,Head,126
2621711,Jadedc,Heart,2
3574253,Brownowl,Head,2
3684998,L337Sauce,Throat,1
3547860,Zuccinator,Heart,3
3684998,L337Sauce,Head,1
1000524,xRun,Groin,1
2161724,CaptainGreen,Head,62
3234182,Darkmoondawolf,Head,10
2161724,CaptainGreen,Groin,19
3234182,Darkmoondawolf,Groin,2
2161724,CaptainGreen,Heart,4
3234182,Darkmoondawolf,Heart,2
2318975,Irving_Zisman,Groin,10
3408502,JPSteph13,Groin,3
3408502,JPSteph13,Head,6
3234182,Darkmoondawolf,Throat,2
1567144,zharman,Heart,2
2973179,-Bald-Ronin-,Heart,2
2973179,-Bald-Ronin-,Head,2
1567144,zharman,Head,4
2973179,-Bald-Ronin-,Groin,2
2161724,CaptainGreen,Throat,6
1957682,PerfectPlayer,Head,17
3610419,Dragonrider86,Heart,1
3610419,Dragonrider86,Head,3
3610419,Dragonrider86,Throat,1
3967,Bynarr,Head,15
3755548,sinlagoon,Head,4
3967,Bynarr,Groin,2
2559926,Fultonator,Head,5
2874969,Napalm949,Groin,1
2559926,Fultonator,Groin,2
3967,Bynarr,Heart,4
3967,Bynarr,Throat,2
2874969,Napalm949,Throat,1
2874969,Napalm949,Heart,1
2874969,Napalm949,Head,1
2594546,Scooper54,Head,12
2705081,JucBoxHero,Head,26
972654,Jacob,Groin,5
972654,Jacob,Head,9
972654,Jacob,Throat,3
972654,Jacob,Heart,5
2112670,Glorfindel,Throat,15
2594546,Scooper54,Groin,7
3033022,BrotherScotty,Heart,3
2594546,Scooper54,Throat,1
2594546,Scooper54,Heart,2
2899564,Britlee,Head,1
2558536,Jem81,Head,7
2112670,Glorfindel,Head,121
2112670,Glorfindel,Heart,15
2112670,Glorfindel,Groin,23
2960798,STRUCKDEAD,Head,2
2799939,The_Virginian,Groin,6
2799939,The_Virginian,Heart,4
2960798,STRUCKDEAD,Groin,1
2317488,Fetheryhorse6,Head,36
671797,SexxySweety,Groin,32
2317488,Fetheryhorse6,Groin,10
3424304,Mazriq,Head,1
3424304,Mazriq,Groin,1
2799939,The_Virginian,Throat,2
2317488,Fetheryhorse6,Throat,6
901641,Spikeman,Heart,6
1013101,sardinha,Head,1
2566015,Exotic_Angel,Head,14
2566015,Exotic_Angel,Heart,1
2566015,Exotic_Angel,Throat,5
2566015,Exotic_Angel,Groin,1
2111896,stabby,Throat,3
2111896,stabby,Groin,5
3555347,Whack-A-Kala,Throat,3
3555347,Whack-A-Kala,Head,4
2538833,SlimLimb,Head,37
1873490,Rogue,Head,18
2558536,Jem81,Groin,1
2796193,toshko2,Heart,2
2558536,Jem81,Heart,1
1873490,Rogue,Throat,2
2105862,Kiss-my-Axe,Head,6
1873490,Rogue,Heart,1
1195734,Friends,Head,8
2625662,quillame,Heart,3
2625662,quillame,Head,7
1977683,ThtAstronautGuy,Throat,1
2051567,Ich-bin,Head,7
3291178,Snowi_RSA,Head,6
1873490,Rogue,Groin,1
2105862,Kiss-my-Axe,Heart,1
2625662,quillame,Groin,2
2877227,Xorbi,Throat,2
3729625,JohnMarcone,Groin,1
3498427,GFOUR,Head,5
3498427,GFOUR,Groin,2
3728964,Arrma,Groin,2
2973833,generl_bean,Heart,2
3728964,Arrma,Throat,1
1483137,Einzelganger,Groin,2
2655270,Dangerzone_k,Heart,1
3728964,Arrma,Head,1
3220972,SofaKingGood,Head,4
1957682,PerfectPlayer,Heart,5
3637644,slayyoudaily,Head,19
1195734,Friends,Throat,1
3782445,Artisan,Heart,1
1957682,PerfectPlayer,Groin,2
1195734,Friends,Groin,3
3637644,slayyoudaily,Groin,7
3637644,slayyoudaily,Throat,2
1957682,PerfectPlayer,Throat,2
3220972,SofaKingGood,Groin,5
3220972,SofaKingGood,Heart,1
2560070,Barabashow,Head,17
3409303,MKawa,Head,4
3040774,Philo,Head,1
3409303,MKawa,Groin,1
2603267,roottori,Head,42
2603267,roottori,Groin,16
2603267,roottori,Throat,4
14297,-Atlas-,Head,4
3472586,Boyka777,Head,2
3472586,Boyka777,Throat,1
14297,-Atlas-,Throat,2
109736,Cloud,Head,8
2179462,Brev,Groin,2
1291268,TugaRambo,Throat,3
109736,Cloud,Groin,3
1291268,TugaRambo,Head,16
2179462,Brev,Head,11
3629756,OceanStar,Throat,1
3253694,IslingtonAngel,Throat,1
1291268,TugaRambo,Heart,2
2608340,merkdan,Groin,19
2179462,Brev,Throat,1
3253694,IslingtonAngel,Heart,1
1291268,TugaRambo,Groin,2
2612609,FoXy-,Head,19
2636703,Bluemojo,Heart,3
3606359,DeGerg,Groin,3
3606359,DeGerg,Head,5
3606359,DeGerg,Throat,1
1864943,Pleg,Heart,1
3656741,Dalts,Groin,1
2558536,Jem81,Throat,1
3055867,Ozymandilgamesh,Throat,8
3055867,Ozymandilgamesh,Head,19
3466359,RocketdogZA,Heart,2
3603796,Merdone,Heart,4
2989774,Tryker,Head,3
3603796,Merdone,Throat,2
2117495,Psilly,Head,8
3766072,Circekid,Groin,2
1974331,Lapp3n,Head,8
2804165,IreatVoss,Head,2
2603267,roottori,Heart,6
2804165,IreatVoss,Groin,3
3622172,AskUsCo,Heart,3
2804165,IreatVoss,Throat,1
3221787,Mochilas,Groin,8
3755548,sinlagoon,Groin,4
3755548,sinlagoon,Heart,4
3221787,Mochilas,Head,32
3221787,Mochilas,Heart,2
3221787,Mochilas,Throat,3
3344085,Chuggles,Head,2
3344085,Chuggles,Heart,1
3344085,Chuggles,Groin,2
3755548,sinlagoon,Throat,1
3260649,Nachos_Wife,Groin,1
2731331,OrangeSoda01,Groin,1
2559571,Oook,Head,11
3737918,Twitch_Master,Head,3
2731331,OrangeSoda01,Head,1
2559571,Oook,Heart,2
3689933,Alitar,Groin,3
3737918,Twitch_Master,Groin,3
2559571,Oook,Groin,1
2317488,Fetheryhorse6,Heart,6
1343431,Storm1968,Head,5
3689933,Alitar,Head,4
1843716,Whittlinman,Head,18
1343431,Storm1968,Heart,1
3682295,radicalrj,Groin,1
3307942,meowmeowgold,Head,10
3307942,meowmeowgold,Groin,4
3703683,Ghostie87,Head,8
3307942,meowmeowgold,Heart,1
3547860,Zuccinator,Throat,2
2538833,SlimLimb,Groin,8
1474000,LilHeaz,Head,6
2166253,Sefu,Head,15
3421688,Throwing,Heart,1
2166253,Sefu,Groin,2
1474000,LilHeaz,Heart,1
3421688,Throwing,Head,3
3421688,Throwing,Groin,1
1474000,LilHeaz,Groin,2
2538833,SlimLimb,Throat,6
2739173,xTARTANx,Groin,1
2774613,Pointless,Groin,3
3480404,Srslysick,Head,10
2774613,Pointless,Head,9
3480404,Srslysick,Groin,4
2062555,DarthHanathus,Head,3
2062555,DarthHanathus,Groin,1
2166253,Sefu,Throat,2
2918392,Execution,Head,35
2103158,Nola,Heart,2
2918392,Execution,Groin,5
2103158,Nola,Head,9
2103158,Nola,Groin,1
2918392,Execution,Heart,3
2103158,Nola,Throat,1
2774613,Pointless,Throat,1
2737541,-Mike-,Head,35
2737541,-Mike-,Heart,9
2737541,-Mike-,Groin,13
3318134,CherryChoke,Head,3
2318975,Irving_Zisman,Throat,6
3135211,LordVonChimp,Groin,2
3135211,LordVonChimp,Head,3
3318134,CherryChoke,Throat,2
2957274,Dempc,Head,11
2737541,-Mike-,Throat,1
2957274,Dempc,Groin,1
3318134,CherryChoke,Heart,1
1728077,worm123,Head,7
2557282,Qfiffle,Head,48
1728077,worm123,Throat,1
2557282,Qfiffle,Throat,6
1728077,worm123,Groin,4
2201418,ThaWh1teSki7tle,Throat,4
2218945,LionKing,Head,9
2218945,LionKing,Groin,4
3355475,soupv54,Heart,1
2218945,LionKing,Heart,2
2557282,Qfiffle,Heart,6
2218945,LionKing,Throat,3
3328226,Titan3,Throat,1
3284199,XTimidEnigmaX,Head,6
2117495,Psilly,Groin,2
2318975,Irving_Zisman,Heart,3
2618603,Paintchipz,Heart,1
2557282,Qfiffle,Groin,12
3039774,Freudas,Head,2
2918392,Execution,Throat,2
3039774,Freudas,Heart,1
2612609,FoXy-,Heart,4
3055867,Ozymandilgamesh,Groin,6
3703683,Ghostie87,Heart,1
2935488,MagikMan,Head,1
2935488,MagikMan,Groin,2
2935488,MagikMan,Heart,1
270923,shaz1,Head,7
270923,shaz1,Groin,1
3357431,Rakajaka,Head,1
3357431,Rakajaka,Heart,1
2344599,GeneralKev,Heart,2
2100735,xedx,Groin,5
463005,SoloWarrior,Groin,3
463005,SoloWarrior,Head,18
729387,TvA_Elite,Head,17
2886255,Whiskersz,Groin,2
2886255,Whiskersz,Heart,2
2100735,xedx,Head,3
2100735,xedx,Throat,1
729387,TvA_Elite,Heart,4
2885543,Rebel25NZ,Throat,1
3131997,Dobroslav,Throat,1
2100735,xedx,Heart,1
2886255,Whiskersz,Head,3
3131997,Dobroslav,Head,1
3711798,Elkhound,Head,2
1426381,Holf,Head,5
3711798,Elkhound,Groin,1
1426381,Holf,Heart,2
2817588,Curran,Groin,2
463005,SoloWarrior,Heart,1
2244377,Jade_,Throat,1
2244377,Jade_,Head,5
3337617,PrimMinister,Heart,2
3275557,Aust,Head,2
2244377,Jade_,Groin,2
2538833,SlimLimb,Heart,4
2425843,Mad_Ninja,Throat,1
3275557,Aust,Groin,1
2425843,Mad_Ninja,Heart,1
3330098,for_ever,Head,4
3330098,for_ever,Throat,1
2509902,Maple,Heart,1
3330098,for_ever,Groin,1
2509902,Maple,Head,5
3709979,GlampingApe,Head,1
3690418,GGTheTorn,Throat,1
3055867,Ozymandilgamesh,Heart,3
2704430,Brkenarrow,Head,5
1974331,Lapp3n,Groin,2
1426381,Holf,Groin,1
3177289,LoganAtwater,Throat,1
1426381,Holf,Throat,1
2704430,Brkenarrow,Heart,1
3108944,Apocolypse_,Head,6
3108944,Apocolypse_,Groin,6
2652679,MrRightSA,Head,13
3242503,Eggvillan,Head,2
2652679,MrRightSA,Throat,2
2705081,JucBoxHero,Groin,5
2652679,MrRightSA,Groin,5
3108944,Apocolypse_,Heart,1
2705081,JucBoxHero,Throat,3
363281,goobs,Head,4
3687499,Cattypack,Head,6
363281,goobs,Throat,1
3687499,Cattypack,Heart,1
363281,goobs,Groin,2
2596583,Dai,Throat,1
3441586,Oniknight,Groin,1
2573844,Singularity,Heart,1
3072774,blackcoat10,Head,6
2573844,Singularity,Head,1
2573844,Singularity,Groin,1
3072774,blackcoat10,Heart,1
2652679,MrRightSA,Heart,1
3108944,Apocolypse_,Throat,1
363281,goobs,Heart,1
2137519,kairos,Throat,4
2165616,hemi,Head,8
2137519,kairos,Head,20
3697912,Exr,Head,4
3697912,Exr,Heart,1
3637644,slayyoudaily,Heart,1
2165616,hemi,Heart,1
2858156,Dax_Da_Infamous,Heart,1
2858156,Dax_Da_Infamous,Head,2
2165616,hemi,Throat,2
2165616,hemi,Groin,2
2137519,kairos,Heart,8
2858156,Dax_Da_Infamous,Groin,1
2137519,kairos,Groin,6
2100801,Grabowski,Heart,5
2744779,Ark,Head,38
2100801,Grabowski,Head,17
2100801,Grabowski,Groin,2
2744779,Ark,Heart,2
2100801,Grabowski,Throat,2
2744779,Ark,Groin,2
3565957,Azezel,Heart,1
2744779,Ark,Throat,2
2854222,Yu-Ri,Head,7
1735708,japoelay,Head,3
2610437,The_Karpe,Head,1
2854222,Yu-Ri,Heart,1
1735708,japoelay,Heart,1
1735708,japoelay,Groin,1
2854222,Yu-Ri,Groin,2
3375600,Quaternionic,Head,4
3375600,Quaternionic,Groin,1
3375600,Quaternionic,Heart,1
2560070,Barabashow,Heart,2
2560070,Barabashow,Groin,4
2560070,Barabashow,Throat,3
3375600,Quaternionic,Throat,1
3341496,Mr_Chips,Head,6
908485,The-GOAT,Throat,1
908485,The-GOAT,Head,3
3658956,NAH_BRO,Heart,1
3341496,Mr_Chips,Groin,1
2395670,Forestbomb,Heart,1
1921241,bVFksdLEp,Head,48
2395670,Forestbomb,Throat,4
1921241,bVFksdLEp,Groin,5
1921241,bVFksdLEp,Heart,6
1921241,bVFksdLEp,Throat,9
2395670,Forestbomb,Groin,4
2117495,Psilly,Heart,1
2395670,Forestbomb,Head,5
3632836,Hamstadance,Heart,1
3654507,Blnko,Throat,1
3654507,Blnko,Head,1
2561579,Resurrector00,Head,10
3654507,Blnko,Groin,1
2561579,Resurrector00,Throat,7
2561579,Resurrector00,Heart,5
1884523,Chilldafuqout,Groin,1
3259881,TonguePunch,Heart,1
3234698,Sweetyla,Head,20
2416134,Shakor,Throat,4
3234698,Sweetyla,Groin,3
2416134,Shakor,Head,15
2416134,Shakor,Heart,4
2416134,Shakor,Groin,2
2623027,LAFAT,Head,2
1843716,Whittlinman,Groin,2
1843716,Whittlinman,Heart,1
1843716,Whittlinman,Throat,4
3291178,Snowi_RSA,Groin,2
3291178,Snowi_RSA,Heart,2
2680339,Eahlron,Head,5
1538759,Wonderland,Throat,1
2748515,gmanldj,Groin,1
2680339,Eahlron,Heart,1
1538759,Wonderland,Head,2
2732456,Charlie001,Heart,1
2442882,Skjold,Head,7
2732456,Charlie001,Head,7
2442882,Skjold,Groin,1
2442882,Skjold,Throat,1
2680339,Eahlron,Groin,1
3629768,pixiepants,Head,1
376397,Garton,Head,4
376397,Garton,Groin,1
2813208,BrotherB,Throat,1
3629768,pixiepants,Groin,1
2748100,Ernichiwa,Heart,1
2471870,Roadoilers,Groin,1
376397,Garton,Throat,1
1797568,ClegVentra,Head,10
1797568,ClegVentra,Throat,3
3622172,AskUsCo,Throat,1
1797568,ClegVentra,Groin,4
3480404,Srslysick,Throat,2
2849039,VincentG,Head,10
3766072,Circekid,Head,1
2849039,VincentG,Heart,1
2849039,VincentG,Groin,1
3766072,Circekid,Throat,1
2849039,VincentG,Throat,1
3734598,Blayde_Knox,Head,1
3234698,Sweetyla,Heart,2
3234698,Sweetyla,Throat,1
2778116,Miscreant,Head,2
